<?xml version="1.0" encoding="UTF-8" standalone="yes"?>
<a:clrScheme xmlns:a="http://schemas.openxmlformats.org/drawingml/2006/main" name="Nova">

<a:dk1><a:srgbClr val="172144"/></a:dk1>
<a:lt1><a:srgbClr val="FFFFFF"/></a:lt1>



<a:dk2><a:srgbClr val="D4F579"/></a:dk2>
<a:lt2><a:srgbClr val="40D492"/></a:lt2>
<a:accent1><a:srgbClr val="3BC8F1"/></a:accent1>
<a:accent2><a:srgbClr val="6070FF"/></a:accent2>
<a:accent3><a:srgbClr val="FA3585"/></a:accent3>
<a:accent4><a:srgbClr val="E9474E"/></a:accent4>
<a:accent5><a:srgbClr val="F7C83B"/></a:accent5>
<a:accent6><a:srgbClr val="FF8E38"/></a:accent6>

<a:hlink><a:srgbClr val="2F8299"/></a:hlink>
<a:folHlink><a:srgbClr val="8C8C8C"/></a:folHlink>

</a:clrScheme>