<?xml version="1.0" encoding="UTF-8" standalone="yes"?>

<a:clrScheme xmlns:a="http://schemas.openxmlformats.org/drawingml/2006/main" name="Model X">

<a:dk1><a:srgbClr val="172144"/></a:dk1>
<a:lt1><a:srgbClr val="ffffff"/></a:lt1>

<a:dk2><a:srgbClr val="F84200"/></a:dk2>
<a:lt2><a:srgbClr val="F83600"/></a:lt2>

<a:accent1><a:srgbClr val="FE8C00"/></a:accent1>
<a:accent2><a:srgbClr val="FD7F00"/></a:accent2>
<a:accent3><a:srgbClr val="FC7300"/></a:accent3>
<a:accent4><a:srgbClr val="FB6700"/></a:accent4>
<a:accent5><a:srgbClr val="FA5A00"/></a:accent5>
<a:accent6><a:srgbClr val="F94E00"/></a:accent6>

<a:hlink><a:srgbClr val="2F8299"/></a:hlink>
<a:folHlink><a:srgbClr val="8C8C8C"/></a:folHlink>

</a:clrScheme>