<?xml version="1.0" encoding="UTF-8" standalone="yes"?>

<a:clrScheme xmlns:a="http://schemas.openxmlformats.org/drawingml/2006/main" name="Model X">

<a:dk1><a:srgbClr val="172144"/></a:dk1>
<a:lt1><a:srgbClr val="ffffff"/></a:lt1>

<a:dk2><a:srgbClr val="8358E8"/></a:dk2>
<a:lt2><a:srgbClr val="8E54E9"/></a:lt2>

<a:accent1><a:srgbClr val="4776E6"/></a:accent1>
<a:accent2><a:srgbClr val="5171E6"/></a:accent2>
<a:accent3><a:srgbClr val="5B6CE6"/></a:accent3>
<a:accent4><a:srgbClr val="6567E7"/></a:accent4>
<a:accent5><a:srgbClr val="6F62E7"/></a:accent5>
<a:accent6><a:srgbClr val="795DE8"/></a:accent6>

<a:hlink><a:srgbClr val="2F8299"/></a:hlink>
<a:folHlink><a:srgbClr val="8C8C8C"/></a:folHlink>

</a:clrScheme>