<?xml version="1.0" encoding="UTF-8" standalone="yes"?>

<a:clrScheme xmlns:a="http://schemas.openxmlformats.org/drawingml/2006/main" name="Model X">

<a:dk1><a:srgbClr val="172144"/></a:dk1>
<a:lt1><a:srgbClr val="ffffff"/></a:lt1>

<a:dk2><a:srgbClr val="FC8108"/></a:dk2>
<a:lt2><a:srgbClr val="FF9700"/></a:lt2>

<a:accent1><a:srgbClr val="EA0038"/></a:accent1>
<a:accent2><a:srgbClr val="ED1530"/></a:accent2>
<a:accent3><a:srgbClr val="F02B28"/></a:accent3>
<a:accent4><a:srgbClr val="F34020"/></a:accent4>
<a:accent5><a:srgbClr val="F65618"/></a:accent5>
<a:accent6><a:srgbClr val="F96B10"/></a:accent6>

<a:hlink><a:srgbClr val="2F8299"/></a:hlink>
<a:folHlink><a:srgbClr val="8C8C8C"/></a:folHlink>

</a:clrScheme>