<?xml version="1.0" encoding="UTF-8" standalone="yes"?>
<a:clrScheme xmlns:a="http://schemas.openxmlformats.org/drawingml/2006/main" name="Massive X V.2.6 - Blue">
	
<a:dk1><a:srgbClr val="172144"/></a:dk1>
<a:lt1><a:srgbClr val="FFFFFF"/></a:lt1>
	
	<a:dk2><a:srgbClr val="08C6F9"/></a:dk2>
	<a:lt2><a:srgbClr val="0FBCFA"/></a:lt2>
	<a:accent1><a:srgbClr val="377DFF"/></a:accent1>
	<a:accent2><a:srgbClr val="3087FE"/></a:accent2>
	<a:accent3><a:srgbClr val="2A92FD"/></a:accent3>
	<a:accent4><a:srgbClr val="239CFC"/></a:accent4>
	<a:accent5><a:srgbClr val="1CA7FC"/></a:accent5>
	<a:accent6><a:srgbClr val="15B1FB"/></a:accent6>
	
	<a:hlink><a:srgbClr val="2F8299"/></a:hlink>
	<a:folHlink><a:srgbClr val="8C8C8C"/></a:folHlink>

</a:clrScheme>