<?xml version="1.0" encoding="UTF-8" standalone="yes"?>
<a:clrScheme xmlns:a="http://schemas.openxmlformats.org/drawingml/2006/main" name="Nova">

<a:dk1><a:srgbClr val="172144"/></a:dk1>
<a:lt1><a:srgbClr val="FFFFFF"/></a:lt1>



<a:dk2><a:srgbClr val="0fa5f7"/></a:dk2>
<a:lt2><a:srgbClr val="82e75d"/></a:lt2>

<a:accent1><a:srgbClr val="ff9d5a"/></a:accent1>
<a:accent2><a:srgbClr val="ff828e"/></a:accent2>
<a:accent3><a:srgbClr val="ff66c1"/></a:accent3>
<a:accent4><a:srgbClr val="be50e0"/></a:accent4>
<a:accent5><a:srgbClr val="7d39ff"/></a:accent5>
<a:accent6><a:srgbClr val="466ffb"/></a:accent6>

<a:hlink><a:srgbClr val="2F8299"/></a:hlink>
<a:folHlink><a:srgbClr val="8C8C8C"/></a:folHlink>

</a:clrScheme>