<?xml version="1.0" encoding="UTF-8" standalone="yes"?>

<a:clrScheme xmlns:a="http://schemas.openxmlformats.org/drawingml/2006/main" name="Model X">

<a:dk1><a:srgbClr val="172144"/></a:dk1>
<a:lt1><a:srgbClr val="ffffff"/></a:lt1>

<a:dk2><a:srgbClr val="81F5D6"/></a:dk2>
<a:lt2><a:srgbClr val="A6FFCB"/></a:lt2>

<a:accent1><a:srgbClr val="1FA2FF"/></a:accent1>
<a:accent2><a:srgbClr val="1AB4FD"/></a:accent2>
<a:accent3><a:srgbClr val="16C6FB"/></a:accent3>
<a:accent4><a:srgbClr val="12D8FA"/></a:accent4>
<a:accent5><a:srgbClr val="37E1EE"/></a:accent5>
<a:accent6><a:srgbClr val="5CEBE2"/></a:accent6>

<a:hlink><a:srgbClr val="2F8299"/></a:hlink>
<a:folHlink><a:srgbClr val="8C8C8C"/></a:folHlink>

</a:clrScheme>